2715 ROSEWOOD. Oakville ON;Lorrie Lewtey
365 LYNN. Oakville ON;Karalynn Roycraft
1440 WHITE. OAKS Oakville ON;Kayley Fawlkes
384 IROQUOIS SHORE. Oakville ON;Meade Shakesby
1280 HILLVIEW. Oakville ON;Ofilia Rollings
1395 GOLDEN MEADOW. Oakville ON;Inness Setchell
1511 JASMINE. Oakville ON;Lin Van Niekerk
46 RYLAND. Oakville ON;Mikol Daly
41 BRIDGEWATER. Oakville ON;Sybyl MacEveley
222 ROSS. Oakville ON;Torin Joice
1284 OLD BRIDLE. Oakville ON;Israel Dizlie
1277 VALERIE. Oakville ON;Antonie Hamments
1279 BISHOPSTOKE. Oakville ON;Alwin Bragginton
2345 STRAWFIELD. Oakville ON;Consolata Abramamov
1379 PRINCE JHON. Oakville ON;Cash Beall
1272 OLD BRIDLE. Oakville ON;Ruthy Fussen
1275 MONTROSE ABBEY. Oakville ON;Bonita Greschke
1089 MONTROSE ABBEY. Oakville ON;Lelah Ramey
427 MILTON. Oakville ON;Nevile Steljes
243 NORTH SERVICE. Oakville ON;Walker Bampforth
397 CALLAGHAN. Oakville ON;Kati Leidl
2325 MOODIE. Oakville ON;Shayna O'Corrigane
353 CARRIER. Oakville ON;Hazel MacElroy
424 ATWOOD. Oakville ON;Celesta Fairman
367 ATWOOD. Oakville ON;Joleen Blockwell
551 MARLATT. Oakville ON;Oralee Dabbs
370 RIVER GLEN. Oakville ON;Granny Spere
225 ROSS. Oakville ON;Brockie Waterfall
2240 MACLENNAN. Oakville ON;Lishe Nobbs
2447 NEW WOOD. Oakville ON;Woody Leathem
2356 MUNN'S. Oakville ON;Robbi MacFayden
2395 SIXTH. Oakville ON;Wally MacKeig
451 LINCOLN. Oakville ON;Charlean Miall
1449 GOLDEN MEADOW. Oakville ON;Nicko Goucher
1384 KATHLEEN. Oakville ON;Arliene Perche
525 IROQUOIS SHORE. Oakville ON;Susan Lyosik
1392 WHITE OAKS. Oakville ON;Knox Osan
1597 LITCHFIELD. Oakville ON;Shaylynn Potter
1537 TRAFALGAR. Oakville ON;Maxy Rottcher
396 FREEMAN. Oakville ON;Codie Yakovitch
341 LYNNWOOD. Oakville ON;Wallas Di Maggio
133 MARTINDALE. Oakville ON;Darcie Snewin
236 NOTTINGHAM. Oakville ON;Ophelie Fell
201 GLOUCESTER. Oakville ON;Kamillah Eads
117 WATSON. Oakville ON;Lida Vel
88 PARK. Oakville ON;Magnum Zukerman
474 LAKESHORE. Oakville ON;Jana Readwing
403 LAKESHORE. Oakville ON;Lexi Broomhead
158 WATSON. Oakville ON;Corly Frise
281 DOUGLAS. Oakville ON;Dela Bernhardsson
65 DUNN. Oakville ON;Ardath Loukes
136 TRAFALGAR. Oakville ON;Hyacinth Pomfrett
223 CHURCH. Oakville ON;Traci Rosendall
234 ROBINSON. Oakville ON;Felic Siman
152 ROBINSON. Oakville ON;Cad Hun
291 RIVER SIDE. Oakville ON;Robin Napoleone
1469 MILLBROOK. Oakville ON;Neville Dugdale
228 MARTINDALE. Oakville ON;Mair MacComiskey
1441 SIXTH. Oakville ON;Konstantin Bolitho
1135 MCCRANEY. Oakville ON;Mellicent Goldson
