2715;ROSEWOOD
365;LYNN
1440;WHITE
384;IROQUOIS SHORE
1280;HILLVIEW
1395;GOLDEN MEADOW
1511;JASMINE
46;RYLAND
41;BRIDGEWATER
222;ROSS
1284;OLD BRIDLE
1277;VALERIE
1279;BISHOPSTOKE
2345;STRAWFIELD
1379;PRINCE JHON
1272;OLD BRIDLE
1275;MONTROSE ABBEY
1089;MONTROSE ABBEY
427;MILTON
243;NORTH SERVICE
397;CALLAGHAN
2325;MOODIE
353;CARRIER
424;ATWOOD
367;ATWOOD
551;MARLATT
370;RIVER GLEN
225;ROSS
2240;MACLENNAN
2447;NEW WOOD
2356;MUNN'S
2395;SIXTH
451;LINCOLN
1449;GOLDEN MEADOW
1384;KATHLEEN
525;IROQUOIS SHORE
1392;WHITE OAKS
1597;LITCHFIELD
1537;TRAFALGAR
396;FREEMAN
341;LYNNWOOD
133;MARTINDALE
236;NOTTINGHAM
201;GLOUCESTER
117;WATSON
88;PARK
474;LAKESHORE
403;LAKESHORE
158;WATSON
281;DOUGLAS
65;DUNN
136;TRAFALGAR
223;CHURCH
234;ROBINSON
152;ROBINSON
291;RIVER SIDE
1469;MILLBROOK
228;MARTINDALE
1441;SIXTH
1135;MCCRANEY
