Lorrie;Lewtey
Karalynn;Roycraft
Kayley;awlkes
Meade;kesby
Ofilia;llings
Inness;tchell
Lin;erk
Mikol; Daly
Sybyl;veley
Torin;Joice
Israel;Dizlie
Antonie;amments
Alwin;inton
Consolata;Abramamov
Cash;eall
Ruthy;ussen
Bonita;eschke
Lelah;Ramey
Nevile;teljes
Walker;pforth
Kati;eidl
Shayna;rigane
Hazel;Elroy
Celesta;Fairman
Joleen;ckwell
Oralee; Dabbs
Granny; Spere
Brockie;terfall
Lishe;Nobbs
Woody;athem
Robbi;ayden
Wally;cKeig
Charlean;an Miall
Nicko;ucher
Arliene; Perche
Susan;yosik
Knox;Osan
Shaylynn;n Potter
Maxy;cher
Codie;vitch
Wallas;Maggio
Darcie;Snewin
Ophelie;ie Fell
Kamillah;lah Eads
Lida; Vel
Magnum;kerman
Jana;wing
Lexi;head
Corly;Frise
Dela;sson
Ardath;Loukes
Hyacinth;Pomfrett
Traci;ndall
Felic;Siman
Cad;Hun
Robin;leone
Neville;Dugdale
Mair;skey
Konstantin;in Bolitho
Mellicent;t Goldson
