"2715 ROSEWOOD";" Oakville ON"
"365 LYNN";" Oakville ON"
"1440 WHITE";" OAKS Oakville ON"
"384 IROQUOIS SHORE";" Oakville ON"
"1280 HILLVIEW";" Oakville ON"
"1395 GOLDEN MEADOW";" Oakville ON"
"1511 JASMINE";" Oakville ON"
"46 RYLAND";" Oakville ON"
"41 BRIDGEWATER";" Oakville ON"
"222 ROSS";" Oakville ON"
"1284 OLD BRIDLE";" Oakville ON"
"1277 VALERIE";" Oakville ON"
"1279 BISHOPSTOKE";" Oakville ON"
"2345 STRAWFIELD";" Oakville ON"
"1379 PRINCE JHON";" Oakville ON"
"2715 ROSEWOOD";" Oakville ON"
"365 LYNN";" Oakville ON"
"1440 WHITE";" OAKS Oakville ON"
"384 IROQUOIS SHORE";" Oakville ON"
"1280 HILLVIEW";" Oakville ON"
"1395 GOLDEN MEADOW";" Oakville ON"
"1511 JASMINE";" Oakville ON"
"46 RYLAND";" Oakville ON"
"41 BRIDGEWATER";" Oakville ON"
"222 ROSS";" Oakville ON"
"1284 OLD BRIDLE";" Oakville ON"
"1277 VALERIE";" Oakville ON"
"1279 BISHOPSTOKE";" Oakville ON"
"2345 STRAWFIELD";" Oakville ON"
"1379 PRINCE JHON";" Oakville ON"
"2715 ROSEWOOD";" Oakville ON"
"365 LYNN";" Oakville ON"
"1440 WHITE";" OAKS Oakville ON"
"384 IROQUOIS SHORE";" Oakville ON"
"1280 HILLVIEW";" Oakville ON"
"1395 GOLDEN MEADOW";" Oakville ON"
"1511 JASMINE";" Oakville ON"
"46 RYLAND";" Oakville ON"
"41 BRIDGEWATER";" Oakville ON"
"222 ROSS";" Oakville ON"
"1284 OLD BRIDLE";" Oakville ON"
"1277 VALERIE";" Oakville ON"
"1279 BISHOPSTOKE";" Oakville ON"
"2345 STRAWFIELD";" Oakville ON"
"1379 PRINCE JHON";" Oakville ON"
"2715 ROSEWOOD";" Oakville ON"
"365 LYNN";" Oakville ON"
"1440 WHITE";" OAKS Oakville ON"
"384 IROQUOIS SHORE";" Oakville ON"
"1280 HILLVIEW";" Oakville ON"
