"Lorrie";"Lewtey";""
"Karalynn";"Roycraft";""
"Kayley";"Fawlkes";""
"Meade";"Shakesby";""
"Ofilia";"Rollings";""
"Inness";"Setchell";""
"Lin";"Van";"Niekerk"
"Mikol";"Daly";""
"Sybyl";"MacEveley";""
"Torin";"Joice";""
"Israel";"Dizlie";""
"Antonie";"Hamments";""
"Alwin";"Bragginton";""
"Consolata";"Abramamov";""
"Cash";"Beall";""
"Ruthy";"Fussen";""
"Bonita";"Greschke";""
"Lelah";"Ramey";""
"Nevile";"Steljes";""
"Walker";"Bampforth";""
"Kati";"Leidl";""
"Shayna";"O'Corrigane";""
"Hazel";"MacElroy";""
"Celesta";"Fairman";""
"Joleen";"Blockwell";""
"Oralee";"Dabbs";""
"Granny";"Spere";""
"Brockie";"Waterfall";""
"Lishe";"Nobbs";""
"Woody";"Leathem";""
"Robbi";"MacFayden";""
"Wally";"MacKeig";""
"Charlean";"Miall";""
"Nicko";"Goucher";""
"Arliene";"Perche";""
"Susan";"Lyosik";""
"Knox";"Osan";""
"Shaylynn";"Potter";""
"Maxy";"Rottcher";""
"Codie";"Yakovitch";""
"Wallas";"Di";"Maggio"
"Darcie";"Snewin";""
"Ophelie";"Fell";""
"Kamillah";"Eads";""
"Lida";"Vel";""
"Magnum";"Zukerman";""
"Jana";"Readwing";""
"Lexi";"Broomhead";""
"Corly";"Frise";""
"Dela";"Bernhardsson";""
