"2715";"ROSEWOOD "
"365";"LYNN "
"1440";"WHITE "
"384";"IROQUOIS SHORE"
"1280";"HILLVIEW "
"1395";"GOLDEN MEADOW"
"1511";"JASMINE "
"46";"RYLAND "
"41";"BRIDGEWATER "
"222";"ROSS "
"1284";"OLD BRIDLE"
"1277";"VALERIE "
"1279";"BISHOPSTOKE "
"2345";"STRAWFIELD "
"1379";"PRINCE JHON"
"2715";"ROSEWOOD "
"365";"LYNN "
"1440";"WHITE "
"384";"IROQUOIS SHORE"
"1280";"HILLVIEW "
"1395";"GOLDEN MEADOW"
"1511";"JASMINE "
"46";"RYLAND "
"41";"BRIDGEWATER "
"222";"ROSS "
"1284";"OLD BRIDLE"
"1277";"VALERIE "
"1279";"BISHOPSTOKE "
"2345";"STRAWFIELD "
"1379";"PRINCE JHON"
"2715";"ROSEWOOD "
"365";"LYNN "
"1440";"WHITE "
"384";"IROQUOIS SHORE"
"1280";"HILLVIEW "
"1395";"GOLDEN MEADOW"
"1511";"JASMINE "
"46";"RYLAND "
"41";"BRIDGEWATER "
"222";"ROSS "
"1284";"OLD BRIDLE"
"1277";"VALERIE "
"1279";"BISHOPSTOKE "
"2345";"STRAWFIELD "
"1379";"PRINCE JHON"
"2715";"ROSEWOOD "
"365";"LYNN "
"1440";"WHITE "
"384";"IROQUOIS SHORE"
"1280";"HILLVIEW "
