"2715";"ROSEWOOD";"142"
"365";"LYNN";"12536"
"1440";"WHITE";""
"384";"IROQUOIS SHORE";"12745"
"1280";"HILLVIEW";"12817"
"1395";"GOLDEN MEADOW";"12865"
"1511";"JASMINE";"12941"
"46";"RYLAND";""
"41";"BRIDGEWATER";"13067"
"222";"ROSS";"20282"
"1284";"OLD BRIDLE";"21543"
"1277";"VALERIE";"922"
"1279";"BISHOPSTOKE";"793"
"2345";"STRAWFIELD";"20669"
"1379";"PRINCE JHON";""
"2715";"ROSEWOOD";"142"
"365";"LYNN";"12536"
"1440";"WHITE";""
"384";"IROQUOIS SHORE";"12745"
"1280";"HILLVIEW";"12817"
"1395";"GOLDEN MEADOW";"12865"
"1511";"JASMINE";"12941"
"46";"RYLAND";""
"41";"BRIDGEWATER";"13067"
"222";"ROSS";"20282"
"1284";"OLD BRIDLE";"21543"
"1277";"VALERIE";"922"
"1279";"BISHOPSTOKE";"793"
"2345";"STRAWFIELD";"20669"
"1379";"PRINCE JHON";""
"2715";"ROSEWOOD";"142"
"365";"LYNN";"12536"
"1440";"WHITE";""
"384";"IROQUOIS SHORE";"12745"
"1280";"HILLVIEW";"12817"
"1395";"GOLDEN MEADOW";"12865"
"1511";"JASMINE";"12941"
"46";"RYLAND";""
"41";"BRIDGEWATER";"13067"
"222";"ROSS";"20282"
"1284";"OLD BRIDLE";"21543"
"1277";"VALERIE";"922"
"1279";"BISHOPSTOKE";"793"
"2345";"STRAWFIELD";"20669"
"1379";"PRINCE JHON";""
"2715";"ROSEWOOD";"142"
"365";"LYNN";"12536"
"1440";"WHITE";""
"384";"IROQUOIS SHORE";"12745"
"1280";"HILLVIEW";"12817"
