<?xml version="1.1" encoding="UTF-8"?>
<expression:EMFExpression xmi:version="2.0" xmlns:xmi="http://www.omg.org/XMI" xmlns:expression="http:///expression.ecore" id="tMap_2=>" expression="StringHandling.LEFT(row1.Name, row1.Name.indexOf(&quot; &quot;))">
  <variables name="fullN.Name" value="null" talendType="id_String" nullable="true"/>
  <variables name="fullN.LastName" value="null" talendType="id_String" nullable="true"/>
  <variables name="fullN.LastName1" value="null" talendType="id_String" nullable="true"/>
  <variables name="addressId.Address" value="null" talendType="id_String" nullable="true"/>
  <variables name="addressId.Name" value="null" talendType="id_String" nullable="true"/>
  <variables name="addressId.Date" value="null" talendType="id_String" nullable="true"/>
  <variables name="addressId.hour" value="null" talendType="id_String" nullable="true"/>
  <variables name="addressId.Amount" value="null" talendType="id_Float" nullable="true"/>
  <variables name="addressId.Type" value="null" talendType="id_String" nullable="true"/>
  <variables name="addressId.volunteerId" value="null" talendType="id_Integer" nullable="true"/>
  <variables name="addressId.AddressId" value="null" talendType="id_String" nullable="true"/>
  <variables name="row1.Address" value="null" talendType="id_String" nullable="true"/>
  <variables name="row1.Name" value="null" talendType="id_String" nullable="true"/>
  <variables name="row1.Date" value="null" talendType="id_String" nullable="true"/>
  <variables name="row1.hour" value="null" talendType="id_String" nullable="true"/>
  <variables name="row1.Amount" value="null" talendType="id_Float" nullable="true"/>
  <variables name="row1.Type" value="null" talendType="id_String" nullable="true"/>
  <variables name="row1.volunteerID" value="null" talendType="id_Integer" nullable="true"/>
  <variables name="row1.addressID" value="null" talendType="id_String" nullable="true"/>
  <variables name="row2.Name" value="null" talendType="id_String" nullable="true"/>
  <variables name="row2.LastName" value="null" talendType="id_String" nullable="true"/>
  <variables name="row2.LastName1" value="null" talendType="id_String" nullable="true"/>
</expression:EMFExpression>
