<?xml version="1.1" encoding="UTF-8"?>
<expression:EMFExpression xmi:version="2.0" xmlns:xmi="http://www.omg.org/XMI" xmlns:expression="http:///expression.ecore" id="tMap_2=>" expression="row1.volunteerID">
  <variables name="row1.Address" value="null" talendType="id_String" nullable="true"/>
  <variables name="row1.Name" value="null" talendType="id_String" nullable="true"/>
  <variables name="row1.Date" value="null" talendType="id_String" nullable="true"/>
  <variables name="row1.hour" value="null" talendType="id_String" nullable="true"/>
  <variables name="row1.Amount" value="null" talendType="id_Float" nullable="true"/>
  <variables name="row1.Type" value="null" talendType="id_String" nullable="true"/>
  <variables name="row1.volunteerID" value="null" talendType="id_Integer" nullable="true"/>
  <variables name="row1.addressID" value="null" talendType="id_String" nullable="true"/>
  <variables name="row2.Name" value="null" talendType="id_String" nullable="true"/>
  <variables name="row2.LastName" value="null" talendType="id_String" nullable="true"/>
  <variables name="row2.LastName1" value="null" talendType="id_String" nullable="true"/>
</expression:EMFExpression>
