<?xml version="1.1" encoding="UTF-8"?>
<expression:EMFExpression xmi:version="2.0" xmlns:xmi="http://www.omg.org/XMI" xmlns:expression="http:///expression.ecore" id="tMap_4=>" expression="StringHandling.LEFT(row9.address,row9.address.indexOf(&quot; &quot;))">
  <variables name="row9.address" value="null" talendType="id_String" nullable="true"/>
  <variables name="row9.DonorName" value="null" talendType="id_String" nullable="true"/>
  <variables name="row9.date" value="null" talendType="id_String" nullable="true"/>
  <variables name="row9.time" value="null" talendType="id_String" nullable="true"/>
  <variables name="row9.amount" value="null" talendType="id_Float" nullable="true"/>
  <variables name="row9.type" value="null" talendType="id_String" nullable="true"/>
  <variables name="row9.volunteerID" value="null" talendType="id_Integer" nullable="true"/>
  <variables name="row10.sNumber" value="null" talendType="id_Integer" nullable="true"/>
  <variables name="row10.sName" value="null" talendType="id_String" nullable="true"/>
  <variables name="row10.sIds" value="null" talendType="id_String" nullable="true"/>
</expression:EMFExpression>
