<?xml version="1.1" encoding="UTF-8"?>
<expression:EMFExpression xmi:version="2.0" xmlns:xmi="http://www.omg.org/XMI" xmlns:expression="http:///expression.ecore" id="tMap_1=>" expression="StringHandling.RIGHT(fn.fullname,StringHandling.INDEX(fn.fullname,&quot; &quot;))">
  <variables name="fullNames.Name" value="null" talendType="id_String" nullable="true"/>
  <variables name="fn.Column0" value="null" talendType="id_String" nullable="true"/>
  <variables name="fn.fullname" value="null" talendType="id_String" nullable="true"/>
  <variables name="fn.Column2" value="null" talendType="id_String" nullable="true"/>
  <variables name="fn.Column3" value="null" talendType="id_String" nullable="true"/>
  <variables name="fn.Column4" value="null" talendType="id_Float" nullable="true"/>
  <variables name="fn.Column5" value="null" talendType="id_String" nullable="true"/>
  <variables name="fn.Column6" value="null" talendType="id_Integer" nullable="true"/>
  <variables name="fn.Column7" value="null" talendType="id_String" nullable="true"/>
</expression:EMFExpression>
